Database,Keyword,Seed keyword,Page,Topic,Page type,Tags,Volume,Keyword Difficulty,CPC (USD),Competitive Density,Number of Results,Intent,SERP Features,Trend,Click potential,Content references,Competitors
us,drop chance calculator,drop chance calculator,,,,,720,26,0.00,0.00,126000000,Informational,,"0.24,0.30,0.36,0.62,0.55,0.45,0.45,0.45,0.45,1.00,0.55,0.45",90,,
us,calculate drop chance,drop chance calculator,,,,,20,19,0.00,0.00,26000000,Informational,"Site Links, Video, Image, People Also Ask","0.50,1.00,1.00,0.00,1.00,1.00,1.00,1.00",20,,"""Drop Chance Calculator"":""https://dropchance.app/""
""How do i calculate the drop chance ?, Never done it before!"":""https://www.reddit.com/r/borderlands3/comments/1ehmdlk/how_do_i_calculate_the_drop_chance_never_done_it/""
""Drop Chance Calculator"":""https://calculator.academy/drop-chance-calculator/""
""The real math of Drop rates (probably accurate in game) in ..."":""https://m.youtube.com/watch?v=Djp9-hRV-tE""
""Calculator:Combat/Drop Rate"":""https://runescape.wiki/w/Calculator:Combat/Drop_Rate""
""Drop Probability Calculator - TnG"":""https://tng-jk3.com/dropchance""
""Combined probability for drop chances in video games"":""https://math.stackexchange.com/questions/4170501/combined-probability-for-drop-chances-in-video-games""
""Diablo 2 Resurrected D2 Drop Calculator"":""https://maxroll.gg/d2/d2-drop-calculator""
""Calculator:Dry calc"":""https://oldschool.runescape.wiki/w/Calculator:Dry_calc""
""Drop chance probability"":""https://www.engadget.com/2010-01-13-drop-chance-probability.html"""
us,loot drop chance calculator,drop chance calculator,,,,,20,16,0.00,0.00,249000,Informational,"Site Links, Video, Image","0.00,0.00,0.00,1.00,1.00,1.00,1.00,1.00,1.00,1.00,1.00,1.00",20,,"""Drop Chance Calculator"":""https://dropchance.app/""
""Chance Calculator"":""https://dskjal.com/statistics/chance-calculator.html""
""Drop Chance Calculator"":""https://calculator.academy/drop-chance-calculator/""
""Drop Rates can be frustrating, but I recommend using this ..."":""https://www.reddit.com/r/TheFirstDescendant/comments/1eet4qv/drop_rates_can_be_frustrating_but_i_recommend/""
""Diablo 2 Resurrected D2 Drop Calculator"":""https://maxroll.gg/d2/d2-drop-calculator""
""Drop Probability Calculator - TnG"":""https://tng-jk3.com/dropchance""
""Calculator:Dry calc"":""https://oldschool.runescape.wiki/w/Calculator:Dry_calc""
""Probability of drop item - Calculator Site"":""https://en.calc-site.com/probabilities/drop_item""
""Calculator:Combat/Drop Rate"":""https://runescape.wiki/w/Calculator:Combat/Drop_Rate""
""Drop probability"":""https://runeapps.org/odds"""
us,drop rate chance calculator,drop chance calculator,,,,,10,25,0.00,0.00,121000000,Informational,"Site Links, Reviews, Video","0.00,0.00,0.00,0.00,1.00,1.00,1.00,1.00,1.00,1.00,1.00,1.00",20,,"""Drop Chance Calculator"":""https://dropchance.app/""
""Calculator:Dry calc"":""https://oldschool.runescape.wiki/w/Calculator:Dry_calc""
""Drop Rates can be frustrating, but I recommend using this ..."":""https://www.reddit.com/r/TheFirstDescendant/comments/1eet4qv/drop_rates_can_be_frustrating_but_i_recommend/""
""Drop Chance Calculator"":""https://calculator.academy/drop-chance-calculator/""
""Drop Probability Calculator - TnG"":""https://tng-jk3.com/dropchance""
""Calculator:Combat/Drop Rate"":""https://runescape.wiki/w/Calculator:Combat/Drop_Rate""
""Chance Calculator"":""https://dskjal.com/statistics/chance-calculator.html""
""Drop probability"":""https://runeapps.org/odds""
""Silospen's Diablo 2/D2 Resurrected Drop Calculator"":""https://dropcalc.silospen.com/""
""Diablo 2 Resurrected D2 Drop Calculator"":""https://maxroll.gg/d2/d2-drop-calculator"""
us,game drop chance calculator,drop chance calculator,,,,,10,14,0.00,0.00,99,"Informational, Commercial","Video, Image","0.00,0.00,0.00,0.00,1.00,1.00,1.00,1.00,1.00,1.00,1.00,1.00",90,,"""Drop Chance Calculator"":""https://dropchance.app/""
""Drop Chance Calculator"":""https://calculator.academy/drop-chance-calculator/""
""Drop Rates can be frustrating, but I recommend using this ..."":""https://www.reddit.com/r/TheFirstDescendant/comments/1eet4qv/drop_rates_can_be_frustrating_but_i_recommend/""
""Chance Calculator"":""https://dskjal.com/statistics/chance-calculator.html""
""Drop Probability Calculator - TnG"":""https://tng-jk3.com/dropchance""
""Calculator:Combat/Drop Rate"":""https://runescape.wiki/w/Calculator:Combat/Drop_Rate""
""Has anyone developed a comprehensive drop chance ..."":""https://www.reddit.com/r/pathofexile/comments/16z7lww/has_anyone_developed_a_comprehensive_drop_chance/""
""Silospen's Diablo 2/D2 Resurrected Drop Calculator"":""https://dropcalc.silospen.com/""
""Diablo 2 Resurrected D2 Drop Calculator"":""https://maxroll.gg/d2/d2-drop-calculator""
""Drop probability"":""https://runeapps.org/odds"""
us,drop chance probability calculator,drop chance calculator,,,,,20,36,0.00,0.00,93,Informational,"Site Links, Video, Image, People Also Ask","0.40,0.40,0.40,0.40,0.40,0.40,0.40,0.40,0.40,0.40,0.40,0.40",20,,"""Drop Chance Calculator"":""https://dropchance.app/""
""Drop Probability Calculator - TnG"":""https://tng-jk3.com/dropchance""
""Calculator:Dry calc"":""https://oldschool.runescape.wiki/w/Calculator:Dry_calc""
""Drop Rates can be frustrating, but I recommend using this ..."":""https://www.reddit.com/r/TheFirstDescendant/comments/1eet4qv/drop_rates_can_be_frustrating_but_i_recommend/""
""Drop Chance Calculator"":""https://calculator.academy/drop-chance-calculator/""
""Chance Calculator"":""https://dskjal.com/statistics/chance-calculator.html""
""Drop probability"":""https://runeapps.org/odds""
""Calculator:Combat/Drop Rate"":""https://runescape.wiki/w/Calculator:Combat/Drop_Rate""
""Probability Calculator"":""https://www.calculator.net/probability-calculator.html""
""Diablo 2 Resurrected D2 Drop Calculator"":""https://maxroll.gg/d2/d2-drop-calculator"""
